database_identifier	chemical_formula	smiles	inchi	metabolite_identification	mass_to_charge	fragmentation	modifications	charge	retention_time	taxid	species	database	database_version	reliability	uri	search_engine	search_engine_score	smallmolecule_abundance_sub	smallmolecule_abundance_stdev_sub	smallmolecule_abundance_std_error_sub	KO1	KO2	KO3	KO4	KO5	KO6	KO7	KO8	KO9	KO10	KO11	KO12	KO13	KO14	KO15	KO16	KO17	KO18	KO19	KO20	KO21	KO22	KO23	KO24	KO25	KO26	KO27	KO28	KO29	KO30	KO31	KO32	KO33	KO34	KO35	KO36	KO37	KO38	KO39	KO40	KO41	KO42	KO43	KO44	KO45	KO46	KO47	KO48	KO49	KO50	KO51	KO52	KO53	KO54	DDn521o	DDn508o	DDn730o	DDn727o	DDn910o	DDn904o	AO1	AO2	AO3	AO4	AO5	AO6	AO7	AO8	AO9	AO10	AO11	AO12	AO13	AO14	AO15	AO16	AO17	AO18	AO19	AO20	KG1	KG2	KG3	KG4	KG5	KG6	KG7	KG8	KG9	KG10	KG11	KG12	KG13	KG14	KG15	KG16	KG17	KG18	KG19	KG20	KG21	KG22	KG23	KG24	KG25	KG26	KG27	KG28	KG29	KG30	KG31	KG32	KG33	KG34	KG35	KG36	KG37	KG38	KG39	KG40	KG41	KG42	KG43	KG44	KG45	KG46	KG47	KG48	KG49	KG50	KG51	KG52	KG53	KG54	DDn521G	DDn508G	DDn730G	DDn727G	DDn910G	DDn904G	AG1	AG2	AG3	AG4	AG5	AG6	AG7	AG8	AG9	AG10	AG11	AG12	AG13	AG14	AG15	AG16	AG17	AG18	AG19	AG20	KP1	KP2	KP3	KP4	KP5dil	KP6dil	KP7dilutedby2	KP8	KP9	KP10	KP11dil	KP12dil	KP13dil	KP14	KP15	KP16	KP17dil	KP18	KP19	KP20	KP21	KP22	KP23	KP24	KP25dil	KP26dil	KP27dil	KP28dil	KP29	KP30	KP31	KP32	KP34	KP39	KP41	KP42	KP47	KP48	KP49	AP1	AP2	AP3dil	AP4dil	AP5	AP6	AP9	AP10	AP11dil	AP15	AP16	AP17dil	AP18dil	AP19dil	AP20dil
CHEBI:18026	C7H6O4	OC(=O)c1cccc(O)c1O	InChI=1S/C7H6O4/c8-5-3-1-2-4(6(5)9)7(10)11/h1-3,8-9H,(H,10,11)	2,3-Dihydroxybenzoic acid										MSI:1							0	0	0	0	0	0	0	0	0	0	0	0	0	0	0	0	0	0	0	0	0	0	0	0	0	0	0	0	0	0	0	0	0	0	0	0	0	0	0	0	0	0	0	0	0	0	0	0	0	0	0	0	0	0	0	0	0	0	0	0	0	0	0	0	0	0	0	0	0	0	0	0	0	0	0	0	0	0	0	0	0	0	0	0	0	0	0	0	0	0	0	0	0	0	0	0	0	0	0	0	0	0	0	0	0	0	0	0	0	0	0	0	0	0	0	0	0	0	0	0	0	0	0	0	0	0	0	0	0	0	0	0	0	0	0	0	0	0	0	0	1.581678702	0	0	0	0	0	0	0	0	0	0	0	0	0	0	0	0	0	0	0	0	0	0	0	0	0	0	0	0	0	0	0	0	0	0	0	0	0	0	0	0	0	0	0	0	0	0	0	0	0	0	0	0	0	0	0	0	0	0	9.87967496	0	0	0	5.763658277	0	0	0	0	4.206739029	0	0	0	0	0
CHEBI:44111	C3H6O2S	OC(=O)CCS	InChI=1S/C3H6O2S/c4-3(5)1-2-6/h6H,1-2H2,(H,4,5)	3-Mercaptopropionate										MSI:1							0	0	0	0	0	0	0	0	0	0	0	0	0	0	0	0	0	0	0	0	0	0	0	0	0	0	0	0	0	0	0	0	0	0	0	0	0	0	0	0	0	0	0	0	0	0	0	0	0	0	0	0	0	0	0	0	0	0	0	0	0	0	0	0	0	0	0	0	0	0	0	0	0	0	0	0	0	0	0	0	0	0	0	0	0	0	0	0	0	0	0	0	0	0	0	0	0	0	0	0	0	0	0	0	0	0	0	0	0	0	0	0	0	0	0	0	0	0	0	0	0	0	0	0	0	0	0	0	0	0	0	0	0	0	0	0	0	0	0	0	0	0	0	0	0	0	0	0	0	0	0	0	0	0	0	0	0	0	0	0	0	0	0	0	0	0	0	0	0	0	0	0	0	0	0	0	0	0	0	0	0	0	0	0	0	0	0	0	0	0	0	0	0	0	0	0	0	0	0	0	0	0	0	0	0	0	0	0	0	0	0	0	0	0
CHEBI:30753	C7H7NO2	C1(C(O)=O)=CC=C(N)C=C1	InChI=1S/C7H7NO2/c8-6-3-1-5(2-4-6)7(9)10/h1-4H,8H2,(H,9,10)	4-Aminobenzoic acid										MSI:1							0	0	0	0	0	0	0	0	0	0	0	0	0	0	0	0	0	0	0	0	0	0	0	0	0	0	0	0	0	0	0	0	0	0	0	0	0	0	0	0	0	0	0	0	0	0	0	0	0	0	0	0	0	0	0	0	0	0	0	0	0	0	0	0	0	0	0	0	0	0	0	0	0	0	0	0	0	0	0	0	0	0	0	0	0	0	0	0	0	0	0	0	0	0	0	0	0	0	0	0	0	0	0	0	0	0	0	0	0	0	0	0	0	0	0	0	0	0	0	0	0	0	0	0	0	0	0	0	0	0	0	0	0	0	0	0	0	0	0	0	0	0	0	0	0	0	0	0	0	0	0	0	0	0	0	0	0	0	0	0	34.70101274	27.41797368	32.39847249	0	0	0	0	31.76346965	25.93054616	0	0	0	0	44.18919148	26.96074853	0	0	0	0	32.00464437	28.83679114	35.66492976	0	0	0	0	0	0	26.93553104	26.95578516	37.77315325	23.24876141	0	38.60829285	29.5714191	0	31.72530057	22.12615871	0	50.84480497	38.3225181	0	0	31.53801823	26.78329873	51.29897619	0	0	32.7731787	16.34537298	0	0	0	0
CHEBI:30763	C7H6O3	OC(=O)c1ccc(O)cc1	InChI=1S/C7H6O3/c8-6-3-1-5(2-4-6)7(9)10/h1-4,8H,(H,9,10)	4-Hydroxybenzoic acid										MSI:1							0	0	0	0	0	0	0	0	0	0	0	0	0	0	0	0	0	0	0	0	0	0	0	0	0	0	0	0	0	0	0	0	0	0	0	0	0	0	0	0	0	0	0	0	0	0	0	0	0	0	0	0	0	0	0	0	0	0	0	0	0	0	0	0	0	0	0	0	0	0	0	0	0.89832897	0	0	0	0	0	0	0	4.425396079	0	0	0	0	0	0	0	0	0	0	1.584052401	0	1.363829546	0	0	0	0	0	0	0	0	0	0	0	0	0	0	0	0	0	0	0	0	0	0	0	0	0	0	0	0	0	0	0	0	0	0	0	0	0	0	0	0	0	0	0	0	0	0	0	0	0	0	0	0	0	0	0	0	0	0	0	0	0	0	0	0	0	0	16.88336452	0	0	0	0	0	0	20.88303253	0	0	0	0	0	18.53814508	0	0	0	0	0	21.87735733	0	0	0	0	0	0	0	0	0	0	60.74159674	0	0	18.53446154	0	0	0	0	0	0	0	0	0	0	0	15.36037846	0	0	0	0	0	0	0	0
CHEBI:16680	C14H20N6O5S	N[C@@H](CCSC[C@H]1O[C@H]([C@H](O)[C@@H]1O)n1cnc2c(N)ncnc12)C(O)=O	InChI=1S/C14H20N6O5S/c15-6(14(23)24)1-2-26-3-7-9(21)10(22)13(25-7)20-5-19-8-11(16)17-4-18-12(8)20/h4-7,9-10,13,21-22H,1-3,15H2,(H,23,24)(H2,16,17,18)/t6-,7+,9+,10+,13+/m0/s1	S-(5'-Adenosyl)-L-homocysteine										MSI:1							0	0	0	0	0	0	0	0	0	0	0	0	0	0	0	0	0	0	0	0	0	0	0	0	0	0	0	0	0	0	0	0	0	0	0	0	0	0	0	0	0	0	0	0	0	0	0	0	0	0	0	0	0	0	0	0	0	0	0	0	0	0	0	0	0	0	0	0	0	0	0	0	0	0	0	0	0	0	0	0	0	0	0	0	0	0	0	0	0	0	0	0	0	0	0	0	0	0	0	0	0	0	0	0	0	0	0	0	0	0	0	0	0	0	0	0	0	0	0	0	0	0	0	0	0	0	0	0	0	0	0	0	0	0	0	0	0	0	0	0	0	0	0	0	0	0	0	0	0	0	0	0	0	0	0	0	0	0	0	0	0	0	0	0	0	0	0	0	0	0	0	0	0	0	0	0	0	0	0	0	0	0	0	0	0	0	0	0	0	0	0	0	0	0	0	0	0	0	0	0	0	0	0	0	0	0	0	0	0	0	0	0	0	0
CHEBI:17509	C11H15N5O3S	CSC[C@H]1O[C@H]([C@H](O)[C@@H]1O)n1cnc2c(N)ncnc12	InChI=1S/C11H15N5O3S/c1-20-2-5-7(17)8(18)11(19-5)16-4-15-6-9(12)13-3-14-10(6)16/h3-5,7-8,11,17-18H,2H2,1H3,(H2,12,13,14)/t5-,7-,8-,11-/m1/s1	5-Methylthioadenosine										MSI:1							0.268414609	0.149045225	0.195154877	0	0	0	0	0.156480444	0	0	0	0	0	0.176524613	0.621305255	0	0	0	0	0.831562613	0.250126667	0.287717891	0	0	0	0	0	0	0.152824355	0	0.291729612	0.320040091	0	0	0	0	0	0	0	0.222675653	0	0	0	0	0	0	0.270130833	0.308994131	0	0	0	0	0	0	0.458310696	0.326743878	0.214366564	0.298966541	0.419547638	0.238627881	0.224907669	0.285251322	0	0	0.386688389	0.517531797	0	0	0.190666561	0.196466082	0	0	0.322740645	0	0.170527806	0.149365162	0	0	0	0	0.277380082	0.169048428	0	0	0	0	0	0	0	0	0	0	0	0.223338271	0.193845062	0	0	0	0	0.216117014	0.246085677	0.150345098	0	0	0	0	0	0	0	0	0	0.19921644	0	0	0	0	0.108212778	0	0	0	0	0	0	0	0	0	0.159791975	0.08163505	0	0	0	0	0	0	0	0.204025825	0	0	0	0.268486635	0.390408207	0.21792076	0	0	0.29333943	0.231253314	0	0	0.173035064	0.188484632	0	0	0	0	0.203393499	0.288748356	0	0	0	0	0	0	0	0	0	0	0	0	0	0	0	0	0	0	0	0	0	0	0	2.592984488	0	0	0	0	0	0	0	0	1.385382823	0	0	0	0	0	0	0	0	0	0	2.362689271	1.909115281	0	0	1.249334492	1.277542764	0	1.857731894	0	1.102906328	1.553172245	0	0	0	0
CHEBI:16708	C5H5N5	Nc1ncnc2[nH]cnc12	InChI=1S/C5H5N5/c6-4-3-5(9-1-7-3)10-2-8-4/h1-2H,(H3,6,7,8,9,10)	Adenine										MSI:1							0	0	0	0	0	0	0	8.773332521	0	0	0	0	0	0	0	0	0	0	3.34151868	7.611956356	0	0	0	0	5.117155237	0	0	0	13.26527552	0	0	0	0	0	0	0.543033628	0	0	0	0	0	0	0	0	0	0	0	0	0.725203022	1.296359268	1.835051523	2.068463969	0	0	0	0	0	0	0	0	0	0	3.695375892	0	0	1.880859844	2.323721259	0	0	0	1.324828867	0	4.797598779	0	4.927914267	4.849816141	1.714282048	4.876694089	3.301188134	0.568455134	0	0	0	0	1.371187344	0	0	7.181956239	0	1.242317766	0	0	0	7.908221052	0	0	0	0	0	14.36186182	3.624153567	2.648356447	0	1.88798984	0	0	0.615891955	0	0	0	0	0	0	0	0	0.339469546	1.934315006	0	0	0	0	1.388638968	0	0	0	0	0	0	0	0	0	0	0	0	0	0	0	0	0	0	0	6.681311134	0	0	8.158831443	0	0	0	0	0	0	0	0	0	3.607938489	0	0	0	0	0	0	0	0	0	0	0	0	0	0	0	0	0	0	0	0	0	0	0	0	0	0	0	0	0	0	0	0	0	0	0	0	0	0	0	0	0	0	0	0	0	0	0	0	0	0	0	0	0	0	0	0	0	0	0
CHEBI:16335	C10H13N5O4	Nc1ncnc2n(cnc12)[C@@H]1O[C@H](CO)[C@@H](O)[C@H]1O	InChI=1S/C10H13N5O4/c11-8-5-9(13-2-12-8)15(3-14-5)10-7(18)6(17)4(1-16)19-10/h2-4,6-7,10,16-18H,1H2,(H2,11,12,13)/t4-,6-,7-,10-/m1/s1	Adenosine										MSI:1							3.235670028	0	1.678837936	1.677294571	0.97228532	0	0	1.637788731	0	0	0	0	0	0	11.60380577	1.954071552	0.247310151	0	0	10.38735831	7.754749593	15.60832999	0	0	0.342738053	0	0.089703125	0	0	0	0	0	0	1.931341081	0	0.318509876	0	0.227101956	0	1.359673314	0	0	0	0	0	0.409669022	7.151415138	18.29478267	0	0	0	0.347593324	0	0	0	6.662934257	0	7.051300731	42.35349891	3.534502671	10.26349371	21.84014577	0.43307426	0	0	6.440888075	0	0	1.620009073	0	0.36540794	0	1.735784933	0	5.787894116	0	0.339512301	0	0	0	5.518432476	1.704442293	0	0	2.025968813	0	0	3.303961163	0	0	0	0	0	7.632748732	13.76979471	0	0	0	0	3.397518604	10.43949457	4.614439176	0	1.708130504	0	1.302063461	0	0	0	1.462125549	3.753049755	0	0	0	0	0	0	0	0	1.147914677	3.199928127	0	0	0	0	0.099773691	4.022894808	1.433249763	0	0	0	0	0	0	8.281708005	6.52081565	7.963426783	7.66560249	37.51418997	7.342177305	53.90990379	63.05952997	0	0	39.16205552	24.16560191	0	0	2.974355247	6.587513804	0	0	0	0	25.62167939	10.74018168	0	0	0	0	0	0	0	0	0	0	0	0	0	0	0	0	0	0	0	0	0	0	0	0	0	0	0	0	0	0	0	0	0	0	0	0	0	0	0	0	0	0	0	0	0	0	0	0	0	0	0	0	0	0	0	0	0	0
CHEBI:456215	C10H12N5O7P-2	Nc1ncnc2n(cnc12)[C@@H]1O[C@H](COP([O-])([O-])=O)[C@@H](O)[C@H]1O	InChI=1S/C10H14N5O7P/c11-8-5-9(13-2-12-8)15(3-14-5)10-7(17)6(16)4(22-10)1-21-23(18,19)20/h2-4,6-7,10,16-17H,1H2,(H2,11,12,13)(H2,18,19,20)/p-2/t4-,6-,7-,10-/m1/s1	Adenosine 5'-monophosphate										MSI:1							13.99965485	2.849107217	15.30613343	0	0	1.070764787	0.362656898	0	0	0	0	0	0	11.2678264	45.00252532	1.297591762	0.306232053	0	0	31.38042321	15.67748363	16.90379196	0	3.984630166	0.97064823	0	0	0	1.526492136	7.103593873	16.86581338	10.87128144	0	1.127953609	0.695530646	0.288806276	0	0	7.529151715	9.65875948	0	0	0	0	0	0.109049118	33.58303414	12.26507177	1.509201177	0.263561248	0.277703587	0	0	0	10.28510408	7.615180357	0	11.55903949	0	8.062826321	37.3318377	46.54677737	0.601709704	0.136025004	18.24954069	21.56318699	0.505969003	0	23.66626313	9.023065986	0	0	3.994211966	0	15.95058015	0	0	1.171352531	0	0	3.256277047	1.955819757	0	0	0.701530136	0	0	0	3.147574903	0	0	0	0	4.27126262	11.92389233	0	0	0	0	14.20246084	6.094134872	0.419327431	0.8610363	0.97681828	0	0.967134583	0.066967869	0	2.205233913	1.076774334	4.330434466	0	1.624865658	0	0	0.093183946	0	0	0	0	5.168588789	0.275112106	0	0.271977478	0	0	1.937228566	2.681333203	0	0	0	0	0	0	31.93303362	10.41097735	0	0	0	16.37157141	60.79959958	31.24418383	0.396334425	0	46.23993116	21.07000388	0	0	17.23528325	22.64596894	1.386872556	0	0	0	24.89382652	0	0	0	0	0	0	0	0	0	0	0	0	0	0	0	0	0	0	0	0	0	0	0	0	0	0	0	0	0	0	0	0	0	0	0	0	0	0	0	0	0	0	0	0	0	0	0	0	0	0	0	0	0	0	0	0	0	0	0
CHEBI:29016	C6H14N4O2	NC(CCCNC(N)=N)C(O)=O	InChI=1S/C6H14N4O2/c7-4(5(11)12)2-1-3-10-6(8)9/h4H,1-3,7H2,(H,11,12)(H4,8,9,10)	Arginine										MSI:1							0	0	0	0	0	0	0	0	0	0	0	0	0	0	0	0	0	0	10.80169046	0	0	0	0	0	0	0	2.615884877	10.69229133	0	0	0	0	0	9.87745323	7.45325276	2.353189202	6.065322254	0	0	0	0	0	0	0	18.84370384	0	0	0	0	0	8.918345577	0	0	0	0	0	0	0	0	0	0	0	9.052596316	0	40.67917662	0	7.607315632	0	0	0	13.58360561	0	0	0	0	0	0	11.65260139	0	0	22.1452201	0	0	0	0	0	0	0	0	11.40584438	4.796310247	0	18.96092353	0	0	0	0	0	0	0	0	6.275063182	20.63607991	0	20.18772753	0	2.418729218	0	0	0	0	38.07663617	0	0	0	0	0	0	15.92805185	0	0	10.9776907	10.55231431	0	0	0	0	0	0	0	0	0	0	0	0	0	0	0	0	0	45.88850127	40.84174943	0	0	0	0	0	0	38.25699248	0	18.9836348	0	0	0	23.81438951	0	0	19.78025001	9.099601705	19.14065109	0	0	0	0	0	0	0	0	0	0	0	0	0	0	0	0	0	0	0	0	0	0	0	0	0	0	0	0	0	0	0	0	0	0	0	0	0	0	0	0	0	0	0	0	0	0	0	0	0	0	0	0	0	0
CHEBI:17750	C5H11NO2	C[N+](C)(C)CC([O-])=O	InChI=1S/C5H11NO2/c1-6(2,3)4-5(7)8/h4H2,1-3H3	Glycine betaine										MSI:1							181.7292354	91.93829838	146.448624	0	174.8921027	0	0	40.73460437	51.22727493	0	0	0	0	0	286.4773244	0	0	0	0	245.2343004	115.3861785	147.8555332	0	0	0	0	0	0	54.49333429	50.7645712	75.97338607	169.2423224	0	0	0	0	0	0	0	0	0	0	0	0	0	0	125.178758	89.4677572	0	0	0	0	0	0	141.0665232	217.3333547	167.3275932	506.0594673	256.3915662	165.2289669	480.5417222	532.4782366	0	0	87.14389333	324.2902545	0	0	230.952789	234.1791406	0	0	89.74904986	0	28.24621638	190.2296844	0	0	0	0	423.6907913	219.9445681	0	25.59819347	403.0693486	0	0	0	227.111782	0	0	0	0	74.66595109	399.2926987	0	0	0	0	236.0620628	446.4403429	127.1914509	21.16795425	53.92155529	0	8.101370531	0	0	53.46994035	57.23663557	173.8777806	241.7210665	47.61195688	0	0	0	10.36076813	0	0	26.40917578	298.3081103	0	0	0	0	0	142.098645	90.29849225	0	0	0	0	0	0	520.5028926	1092.665216	209.4292357	261.0852033	236.3830061	426.4594774	640.8882583	705.2847731	0	0	426.0759161	418.4562054	0	0	97.37689594	402.818433	0	0	0	0	53.7810538	423.215187	0	0	0	0	0	0	0	0	0	0	0	0	0	0	0	0	0	0	0	0	0	0	0	0	0	0	0	0	0	0	0	0	0	0	0	0	0	0	0	0	0	0	0	0	0	0	0	0	0	0	0	0	0	0	0	0	0	0
CHEBI:15956	C10H16N2O3S	[H][C@]12CS[C@@H](CCCCC(O)=O)[C@@]1([H])NC(=O)N2	InChI=1S/C10H16N2O3S/c13-8(14)4-2-1-3-7-9-6(5-16-7)11-10(15)12-9/h6-7,9H,1-5H2,(H,13,14)(H2,11,12,15)/t6-,7-,9-/m0/s1	Biotin										MSI:1							0	0	0	0	0	0	0.135245523	0	0	0	0	0.062329165	0	0	0	0	0	0	0	0	0	0	0	0	0	0	0	0	0.281966556	0	0.145006029	0	0.872626735	0.282456863	0.08938423	0	0	0	0	0	0	0	0	0	0	0	0	0	0	0	0	0	0	0	0	0	0	0	0	0	0	0	0	0	0	0	0	0	0	0	0	0	0	0	0	0	0	0	0	0	0.153944334	0	0	0	0	0	0	0	0	0	0	0	0	0	0	0	0	0	0	0	0	0	0	0	0	0	0	0	0.098526248	0	0	0	0.099768614	0	0.164427572	0	0.03337836	0	0	0	0	0	0	0	0	0	0	0	0	0	0	0	0	0	0	0	0	0	0	0	0	0	0	0	0	0	0	0	0	0	0	0	0	0	0	0	0	0	0	0	0	0	0	0	0	0	0	0	0	0	0	0	0	0	0	0	0	0	0	0	0	0	0	0	0	0	0	0	25.5027384	0	13.51320237	10.91692177	11.83979227	0	0	0	0	11.67290445	0	0	0	0	0	0	0	0	16.05317352	3.529850271	0	13.00821281	0	0	0	0
CHEBI:27732	C8H10N4O2	Cn1cnc2n(C)c(=O)n(C)c(=O)c12	InChI=1S/C8H10N4O2/c1-10-4-9-6-5(10)7(13)12(3)8(14)11(6)2/h4H,1-3H3	Caffeine										MSI:1							0	0	0	0	0	0	0.237722704	0	2.930574874	0	0.039652789	0.086143832	0.080061154	0	0	0.109011218	0	0.125640199	0	0	0	0	0	0	0.140687028	0	0	0.110796024	0	0	0	0	0	0	0.088262547	0	0	0	0.41009149	0	0	0.070057469	0	0	0.627310607	0.011586936	0	0.103120903	0.075884489	0	0	0	0	0.084482768	0	0	0.638034133	0	0	0	0	0.237328625	0	0.95581961	0	0	0	0	0	0	0	0	0.108878044	0	0	0	0	0	0.09135703	0.184834412	0	0	0.516910215	0	0.159416037	0.689721892	0.282174147	0	0	0.309923841	0.132617675	0	0	0.370186711	0.075650516	0.093291015	0.02812022	0.396390451	0.108686042	0	0	0	0.338675294	0	0.198260912	0.020296893	0.024807807	0	0	0	0	0.756204152	0	0.190581107	0	0	0.049929182	0.063726303	0	0	0	0.185859022	0	0.378978892	0.259769966	0.02802703	4.210319428	0	0.674330424	0.125634376	0.364609497	0.087812607	0	0	0	0.377134169	0.636468744	0.433995239	0	0	0	0	0	0	0	0	0	0	0	0	0	0	0.224810085	0.403337003	0	0	0	0	0.332261228	0	0	4.094038692	5.370473916	5.217183923	0	0	0	4.978883624	7.157779422	3.668392031	0	0	0	8.289502399	7.267001181	0	0	0	0	8.645623628	3.102502831	7.42015052	2.630866968	0	0	0	0	0	0	0	4.438636447	0	3.680458893	6.345123904	0	0	0	0	0	0	0	0	0	0	0	4.312470517	0	0	0	0	0	0	0	0
CHEBI:84373	C18H35N3O13	[C@@H]1([C@@H]([C@H]([C@@H]([C@H](O1)CO)O)O)N)O[C@H]2[C@@H]([C@H]([C@@H](O[C@@H]2CO)O[C@H]3[C@@H]([C@H](C(O[C@@H]3CO)O)N)O)N)O	InChI=1S/C18H35N3O13/c19-7-12(27)14(5(2-23)30-16(7)29)33-18-9(21)13(28)15(6(3-24)32-18)34-17-8(20)11(26)10(25)4(1-22)31-17/h4-18,22-29H,1-3,19-21H2/t4-,5-,6-,7-,8-,9-,10-,11-,12-,13-,14-,15-,16?,17+,18+/m1/s1	Chitotriose										MSI:1							0	0	0	0	0	0	0	0	0	0	0	0	0	0	0	0	0	0	0	0	0	0	0	0	0	0	0	0	0	0	0	0	0	0	0	0	0	0	0	0	0	0	0	0	0	0	0	0	0	0	0	0	0	0	0	0	0	0	0	0	0	0	0	0	0	0	0	0	0	0	0	0	0	0	0	0	0	0	0	0	0	0	0	0	0	0	0	0	0	0	0	0	0	0	0	0	0	0	0	0	0	0	0	0	0	0	0	0	0	0	0	0	0	0	0	0	0	0	0	0	0	0	0	0	0	0	0	0	0	0	0	0	0	0	0	0	0	0	0	0	0	0	0	0	0	0	0	0	0	0	0	0	0	0	0	0	0	0	0	0	0	31.46388903	0	0	0	0	0	0	0	128.7058734	0	0	0	0	0	0	0	0	0	106.9363	0	0	0	0	0	0	0	0	12.2057399	68.53691445	0	0	0	0	45.16595436	0	0	0	0	0	0	0	0	0	32.64877586	0	43.60221313	0	0	0	0	0	0	0
CHEBI:17439	C63H88CoN14O14P	[H][C@@]1(C)CNC(=O)CC[C@]2(C)[C@@H](CC(N)=O)[C@@]3([H])N4C2=C(C)C2=[N+]5C(=CC6=[N+]7C(=C(C)C8=[N+]([C@]3(C)[C@@](C)(CC(N)=O)[C@@H]8CCC(N)=O)[Co-3]457(C#N)[n+]3cn([C@H]4O[C@H](CO)[C@@H](OP([O-])(=O)O1)[C@H]4O)c1cc(C)c(C)cc31)[C@@](C)(CC(N)=O)[C@@H]6CCC(N)=O)C(C)(C)[C@@H]2CCC(N)=O	InChI=1S/C62H90N13O14P.CN.Co/c1-29-20-39-40(21-30(29)2)75(28-70-39)57-52(84)53(41(27-76)87-57)89-90(85,86)88-31(3)26-69-49(83)18-19-59(8)37(22-46(66)80)56-62(11)61(10,25-48(68)82)36(14-17-45(65)79)51(74-62)33(5)55-60(9,24-47(67)81)34(12-15-43(63)77)38(71-55)23-42-58(6,7)35(13-16-44(64)78)50(72-42)32(4)54(59)73-56;1-2;/h20-21,23,28,31,34-37,41,52-53,56-57,76,84H,12-19,22,24-27H2,1-11H3,(H15,63,64,65,66,67,68,69,71,72,73,74,77,78,79,80,81,82,83,85,86);;/q;;+2/p-2/t31-,34-,35-,36-,37+,41-,52-,53-,56-,57+,59-,60+,61+,62+;;/m1../s1	Cyanocobalamin										MSI:1							0	0	0	0	0	0	0	0	0	0	0	0	0	0	0	0	0	0	0	0	0	0	0	0	0	0	0	0	0	0	0	0	0	0	0	0	0	0	0	0	0	0	0	0	0	0	0	0	0	0	0	0	0	0	0	0	0	0	0	0	0	0	0	0	0	0	0	0	0	0	0	0	0	0	0	0	0	0	0	0	0	0	0	0	0	0	0	0	0	0	0	0	0	0	0	0	0	0	0	0	0	0	0	0	0	0	0	0	0	0	0	0	0	0	0	0	0	0	0	0	0	0	0	0	0	0	0	0	0	0	0	0	0	0	0	0	0	0	0	0	0	0	0	0	0	0	0	0	0	0	0	0	0	0	0	0	0	0	0	0	0	0	0	0	0	0	0	0	0	0	0	0	0	0	0	0	0	0	0	0	0	0	0	0	0	0	0	0	0	0	0	0	0	0	0	0	0	0	0	0	0	0	0	0	0	0	0	0	0	0	0	0	0	0
CHEBI:16040	C4H5N3O	Nc1cc[nH]c(=O)n1	InChI=1S/C4H5N3O/c5-3-1-2-6-4(8)7-3/h1-2H,(H3,5,6,7,8)	Cytosine										MSI:1							0	0	0	0	0	0	0	0	0	0	0	0	0	0	0	0	0	0	0	0	0	0	0	0	0	0	0	0	0	0	0	0	0	0	0	0	0	0	0	0	0	0	0	0	0	0	0	0	0	0	0	0	0	0	0	0	0	0	0	0	0	0	0	0	0	0	0	0	0	0	0	0	0	0	0	0	0	0	0	0	0	0	0	0	0	0	0	0	0	0	0	0	0	0	0	0	0	0	0	0	0	0	0	0	0	0	0	0	0	0	0	0	0	0	0	0	0	0	0	0	0	0	0	0	0	0	0	0	0	0	0	0	0	0	0	0	0	0	0	0	0	0	0	0	0	0	0	0	0	0	0	0	0	0	0	0	0	0	0	0	0	0	0	0	0	0	0	0	0	0	0	0	0	0	0	0	0	0	0	0	0	0	0	0	0	0	0	0	0	0	0	0	0	0	0	0	0	0	0	0	0	0	0	0	0	0	0	0	0	0	0	0	0	0
CHEBI:16691	C10H18N2O3	CC1NC(=O)NC1CCCCCC(O)=O	InChI=1S/C10H18N2O3/c1-7-8(12-10(15)11-7)5-3-2-4-6-9(13)14/h7-8H,2-6H2,1H3,(H,13,14)(H2,11,12,15)	Desthiobiotin										MSI:1							0	0	0	0	0	0	0	0	0	0	0	0	0	0	0	0	0	0	0	0	0	0	0	0	0	0	0	0	0	0	0	0	0	0	0	0	0	0	0	0	0	0	0	0	0	0	0	0	0	0	0	0	0	0	0	0	0	0	0	0	0	0	0	0	0	0	0	0	0	0	0	0	0	0	0	0.254939518	0	0	0	0	0	0	0	0	0	0	0	0	0	0	0	0	0	0	0	0	0	0	0	0	0	0	0	0	0	0	0	0	0	0	0	0	0	0	0	0	0	0	0	0	0	0	0	0	0	0	0	0	0	0	0	0	0	0	0	0	0	0	0	0	0	0	0	0	0	0	0	0	0	0	0	0	0	0	0	0	0	0	0	0	0	0	0	0	0	0	0	0	0	0	0	0	0	0	0	0	0	0	0	0	0	0	0	0	0	0	0	0	0	0	0	0	0	0	0	0	0	0	0	26.98358116	0	0	0	0	0	0	0	0	0	0	0	0	0	0
CHEBI:16457	C5H10O2S	C[S+](C)CCC([O-])=O	InChI=1S/C5H10O2S/c1-8(2)4-3-5(6)7/h3-4H2,1-2H3	DMSP (dimethyl sulfonioproprionate)										MSI:1							1197.896864	196.6517081	784.3646371	0	0	0	0	436.7035599	305.3529114	0	0	0	0	409.9738421	480.9741704	0	0	0	0	970.2614634	608.2195079	138.3174541	0	0	0	0	0	0	477.0624418	378.7159815	846.616295	492.1369134	0	0	0	0	0	0	130.2898603	335.1069831	0	0	0	0	0	0	301.377046	146.4824455	0	0	0	0	0	0	277.7623926	132.681189	103.6078761	119.076492	152.7107578	112.6805709	1640.781851	771.970254	0	19.67057629	1017.489655	1261.395018	93.69498833	0	861.9442546	280.9254992	0	0	0	0	86.76995515	513.1871591	0	48.29403072	0	0	4978.942028	1121.623814	856.7871143	12.6392019	26.47003011	0	0	911.5121767	173.1279803	0	0	0	0	1675.677867	313.699095	0	0	0	0	1410.993189	695.6401875	390.0612434	0	44.9390101	0	0	0	0	185.9116651	1185.073353	610.0924259	637.1028218	26.6209298	0	0	0	0	0	286.6726898	914.4381854	1215.799836	17.69437543	0	0	0	0	2858.268	93.68475733	0	0	0	0	0	0	278.0018249	310.2389003	636.1413253	0	126.0796348	136.1239221	954.9123141	287.9115527	0	0	4611.191642	2798.034228	0	0	1051.282402	758.0219909	42.43415696	0	0	0	721.7037209	235.2260148	0	0	0	0	0	0	0	0	0	0	0	0	0	0	0	0	0	0	0	0	0	0	0	0	0	0	0	0	0	0	0	0	0	0	0	0	0	0	0	0	0	0	0	0	0	0	0	0	0	0	0	0	0	0	0	0	0	0
CHEBI:27470	C19H19N7O6	Nc1nc2ncc(CNc3ccc(cc3)C(=O)N[C@@H](CCC(O)=O)C(O)=O)nc2c(=O)[nH]1	InChI=1S/C19H19N7O6/c20-19-25-15-14(17(30)26-19)23-11(8-22-15)7-21-10-3-1-9(2-4-10)16(29)24-12(18(31)32)5-6-13(27)28/h1-4,8,12,21H,5-7H2,(H,24,29)(H,27,28)(H,31,32)(H3,20,22,25,26,30)/t12-/m0/s1	Folic acid										MSI:1							0	0	0	0	0	0	0	0	0	0	0	0	0	0	0	0	0	0	0	0	0	0	0	0	0	0	0	0	0	0	0	0	0	0	0	0	0	0	0	0	0	0	0	0	0	0	0	0	0	0	0	0	0	0	0	0	0	0	0	0	0	0	0	0	0	0	0	0	0	0	0	0	0	0	0	0.587478148	0	0	0	0	0.162553275	0	0	0.351220435	0	0	0	0	0	0	0	0	0	0	0	0	0	0	0	0	0	0	0	0	0	0	0	0	0	0	0	0	0	0	0	0	0	0	0	0	0	0	0	0	0	0	0	0	0	0.848829717	0	0	0	0	0	0	0	0	0	0	0	0	0	0	0	0	0	0	0	0	0	0	0	0	0	0	0	0	0	0	0	0	0	0	0	0	0	0	0	0	0	0	0	0	0	0	0	0	0	0	0	0	0	0	0	0	0	0	0	0	0	0	0	0	0	0	0	0	0	0	0	0	0	0	0	0	0	0	0	0	0	0	0	0
CHEBI:18237	C5H9NO4	NC(CCC(O)=O)C(O)=O	InChI=1S/C5H9NO4/c6-3(5(9)10)1-2-4(7)8/h3H,1-2,6H2,(H,7,8)(H,9,10)	Glutamic acid										MSI:1							1463.572125	0	953.2486519	0	0	0	0	712.3142561	1224.775548	0	0	0	0	431.5427662	1199.608052	0	0	0	0	2549.587992	1500.499997	881.0560445	0	0	76.93138931	0	0	0	730.7940797	0	0	0	0	0	0	0	0	0	996.0945189	611.1526469	0	0	0	0	0	0	1017.059426	1493.462648	91.15453816	0	0	0	0	0	3367.872495	0	0	3391.687209	0	0	7592.240563	6881.842166	0	0	1128.728979	3608.018186	0	0	1852.087912	954.5714891	60.89644184	0	281.8834326	0	488.3379321	2238.31131	0	0	0	0	923.3184225	1262.89507	0	0	0	0	0	342.3495796	0	0	0	0	0	0	2554.247512	0	0	0	0	0	947.2088699	1699.613207	0	0	0	0	256.2683696	0	976.3190924	0	0	1209.816514	0	0	0	0	149.3083527	0	0	0	1990.982837	0	0	0	0	0	814.9256367	0	0	0	0	0	0	0	0	4076.168523	0	3049.10234	0	0	2232.110615	1381.321149	0	0	1215.502437	1318.370562	0	0	425.7741546	1408.14554	0	0	0	0	1316.756878	1197.370313	102.3700375	0	0	0	0	0	0	0	0	0	0	0	0	0	0	0	0	0	0	0	0	0	0	0	0	0	0	0	0	0	0	0	0	0	0	0	0	0	0	0	0	0	0	0	0	0	0	0	0	0	0	0	0	0	0	0	0	0
CHEBI:16235	C5H5N5O	C12=C(N=C(NC1=O)N)NC=N2	InChI=1S/C5H5N5O/c6-5-9-3-2(4(11)10-5)7-1-8-3/h1H,(H4,6,7,8,9,10,11)	Guanine										MSI:1							0	5.873285126	12.74902373	8.266498738	66.79825292	29.43218085	8.56439272	44.56811237	25.88678322	33.5649502	0.079725992	8.259789716	5.040175681	0	2.56066919	8.213123889	0	6.557513818	9.042975064	20.78766344	0	7.227015014	5.35403719	0.636581714	12.93005962	0	0	4.963481378	36.14507405	0	17.28407092	8.551495468	0	3.748006088	3.886776752	0	0	0	51.76335646	24.58437847	40.96081698	12.34948374	17.63461658	22.31657542	5.314376309	0	9.499786156	10.1497052	15.7725596	6.666087468	8.945357088	4.243455134	3.60151868	7.840897726	0	0	0	0	0	0	58.62382176	22.01909595	17.19699687	23.30715983	17.88783571	69.33712153	18.43158676	7.069288976	8.527117138	0	16.85495772	0	11.40400091	7.086004306	14.66331131	41.12962836	8.06641846	20.17808185	8.82243152	8.278829885	340.318204	443.960761	201.4881215	46.57337981	44.94976123	19.25264176	22.53149459	247.3696235	744.6035864	54.09680015	5.5049831	12.54640841	0	412.3655824	199.8280682	29.41158211	6.558689758	12.37777157	52.52752237	210.3302548	971.1863367	271.2047076	68.8511683	104.5946961	52.43601024	10.76151056	0	20.14655605	285.7119259	158.178175	134.378959	399.2613094	75.46078539	28.95540961	40.95044274	2.140185761	1.327481347	0	98.43362227	695.7012313	917.7308347	103.7848539	81.71939383	27.74631336	27.93203876	0	224.9195416	467.1601497	31.52017296	17.43969155	30.74660777	3.653058052	6.319456818	6.295174496	152.2939921	492.1555151	203.6878042	258.5973783	77.75898004	454.4047002	549.1965375	726.5053163	18.14209423	37.42834046	874.686293	966.5691026	8.944504585	1.243987107	300.3132189	585.8973415	44.27408721	4.466723126	10.31663289	0	435.8216146	479.7655489	0	39.29386394	3.203218694	0	0	0	0	0	0	0	0	0	0	0	0	0	0	0	0	0	0	0	0	0	0	0	0	0	0	0	0	0	0	0	0	0	0	0	0	0	0	0	0	0	0	0	0	0	0	0	0	0	0	0	0	0	0	0
CHEBI:16411	C10H9NO2	OC(=O)Cc1c[nH]c2ccccc12	InChI=1S/C10H9NO2/c12-10(13)5-7-6-11-9-4-2-1-3-8(7)9/h1-4,6,11H,5H2,(H,12,13)	Indole 3-acetic acid										MSI:1							0	0	0	0	0	0	0	0	0	0	0	0	0	0	0	0	0	0	0	0	0	0	0	0	0	0	0	0	0	0	0	0	0	0	0	0	0	0	0	0	0	0	0	0	0	0	0	0	0	0	0	0	0	0	0	0	0	0	0	0	0	0	0	0	0	0	0	0	0	0	0	0	0	0	0	0	0	0	0	0	0	0	0	0	0	0	0	0	0	0	0	0	0	0	0	0	0	0	0	0	0	0	0	0	0	0	0	0	0	0	0	0	0	0	0	0	0	0	0	0	0	0	0	0	0	0	0	0	0	0	0	0	0	0	0	0	0	0	0	0	0	0.162423633	0	0	0	0	0	0	0	0	0	0	0	0	0	0	0	0	0	0	0	0	0	0	0	0	0	0	0	0	0	0	0	0	0	0	0	0	0	0	0	0	0	0	0	0	0	0	0	0	0	0	0	0	0	0	0	0	0	0	0	0	0	0	0	0	5.669367011	0	0	0	0	0	0	0
CHEBI:58053	C10H11N4O8P-2	O[C@@H]1[C@@H](COP([O-])([O-])=O)O[C@H]([C@@H]1O)n1cnc2c1nc[nH]c2=O	InChI=1S/C10H13N4O8P/c15-6-4(1-21-23(18,19)20)22-10(7(6)16)14-3-13-5-8(14)11-2-12-9(5)17/h2-4,6-7,10,15-16H,1H2,(H,11,12,17)(H2,18,19,20)/p-2/t4-,6-,7-,10-/m1/s1	Inosine 5'-monophosphate										MSI:1							0	0	0	0	0	0	0	0	0	0	0	0	0	0	0	0	0	0	0	0	0	0	0	0	0	0	0	0	0	0	0	0	0	0	0	0	0	0	0	0	0	0	0	0	0	0	0	0.917540768	0	0	0	0	0	0	0	0	0	0	0	0	0	0	0	0	0	0	0	0	0	0	0	0	0	0	0	0	0	0	0	0	0	0	0	0	0	0	0	0	0	0	0	0	0	0	0	0	0	0	0	0	0	0	0	0	0	0	0	0	0	0	0	0	0	0	0	0	0	0	0	0	0	0	0	0	0	0	0	0	0	0	0	0	0	0	0	0	0	0	0	0	0	0	0	0	0	0	0	0	0	0	0	0	0	0	0	0	0	0	0	0	0	0	0	0	0	0	0	0	0	0	0	0	0	0	0	0	0	0	0	0	0	0	0	0	0	0	0	0	0	0	0	0	0	0	0	0	0	0	0	0	0	0	0	0	0	0	0	0	0	0	0	0	0	0
CHEBI:17596	C10H12N4O5	OC[C@H]1O[C@H]([C@H](O)[C@@H]1O)n1cnc2c(O)ncnc12	InChI=1S/C10H12N4O5/c15-1-4-6(16)7(17)10(19-4)14-3-13-5-8(14)11-2-12-9(5)18/h2-4,6-7,10,15-17H,1H2,(H,11,12,18)/t4-,6-,7-,10-/m1/s1	Inosine										MSI:1							0.408616105	0	0	0	0	0	0	0	0	0	0	0	0	0	1.127359657	0	0.041867646	0	0	0.662166197	0.381156695	0.548894768	0	0	0	0	0	0	0	0	0	0	0	0	0	0	0	0	0	0	0	0	0	0	0	0	0	0.58070829	0	0	0	0	0	0.095381567	0	0	0	0	0	0	0	2.023863932	0	0	0	0	0.144584297	0	0	0	0.118208976	0	0	0	0	0	0	0	0	0	3.27827285	0	0	0.827214412	0.334427361	0.321343462	0	1.201867333	0.882168898	0	0	0	0	1.462680589	3.867867063	0.365602282	0	0	0	2.561914851	3.053936318	1.063434935	0	0.846569311	0	0.275830297	0	0	0	1.147209216	1.547262015	0	0.884907112	0	0	0	0	0	0.445958719	0	2.600287778	0	0.677247375	0	0	0	2.897910587	0	0.341211838	0	0	0	0	0	5.392909835	2.601529116	1.036468387	0	1.412202401	0	13.08178416	13.03175951	0	0.326457515	17.7524373	11.89944085	0	0	1.833049114	7.205297212	0	0	0.880278126	0	4.55248141	6.640117855	0	0	0	0	0	0	0	0	0	0	0	0	0	0	0	0	0	0	0	0	0	0	0	0	0	0	0	0	0	0	0	0	0	0	0	0	0	0	0	0	0	0	0	0	29.4194903	0	0	16.14631241	0	0	0	0	0	0	0	0	0	0
CHEBI:25017	C6H13NO2	CC(C)CC(N)C(O)=O	InChI=1S/C6H13NO2/c1-4(2)3-5(7)6(8)9/h4-5H,3,7H2,1-2H3,(H,8,9)	leucine										MSI:2							0	0	11.81897436	0	0	0	0	0	0	0	0.273713695	0	0	0	0	0	0	0	2.397410062	0	2.679403386	0	4.494845929	0	5.394834959	0.80231691	0.38995002	11.84405418	0	0	0	0	0	1.632502329	0	0.479097117	0	0	0	7.172171353	0	0	0	0	3.258532721	0.280802059	11.10686317	1.080162307	0	0	0	0	0	0	0	0	0	0	0	0	0	10.40502276	0	0	0	0	0	0	0	0	0	0	0	0	0	0	1.513511291	0	0	2.617391035	0	7.243686135	0	0	3.855775246	5.531757681	6.404825395	7.868125642	0	0	3.35984061	0	0	11.02736746	5.656903197	0	0	0	0	13.87527518	0	3.566226811	10.71159424	0	0	0	0	0	0	4.403139405	0	12.32914588	4.271007388	0	0	0	0.251901047	0	0	0	1.263917668	0	0	21.61382544	0	0	7.598392127	4.901720732	9.067898122	0	0	0	0	0	19.44707992	8.87491714	0	0	0	0	40.70630483	21.6831984	0	0	21.2557217	0	0	0	0	0	0	0	0	6.180040469	15.44544363	21.76259827	0	0	0	0	129.1658711	90.11113722	0	0	0	0	0	0	0	0	0	0	0	0	0	0	0	0	0	0	0	0	0	0	0	0	0	0	0	0	0	0	0	0	0	0	232.875306	0	0	0	0	0	0	0	0	154.4906926	0	0	0	0	0	0	0	0
CHEBI:24898				isoleucine										MSI:2							0	0	11.81897436	0	0	0	0	0	0	0	0.273713695	0	0	0	0	0	0	0	2.397410062	0	2.679403386	0	4.494845929	0	5.394834959	0.80231691	0.38995002	11.84405418	0	0	0	0	0	1.632502329	0	0.479097117	0	0	0	7.172171353	0	0	0	0	3.258532721	0.280802059	11.10686317	1.080162307	0	0	0	0	0	0	0	0	0	0	0	0	0	10.40502276	0	0	0	0	0	0	0	0	0	0	0	0	0	0	1.513511291	0	0	2.617391035	0	7.243686135	0	0	3.855775246	5.531757681	6.404825395	7.868125642	0	0	3.35984061	0	0	11.02736746	5.656903197	0	0	0	0	13.87527518	0	3.566226811	10.71159424	0	0	0	0	0	0	4.403139405	0	12.32914588	4.271007388	0	0	0	0.251901047	0	0	0	1.263917668	0	0	21.61382544	0	0	7.598392127	4.901720732	9.067898122	0	0	0	0	0	19.44707992	8.87491714	0	0	0	0	40.70630483	21.6831984	0	0	21.2557217	0	0	0	0	0	0	0	0	6.180040469	15.44544363	21.76259827	0	0	0	0	129.1658711	90.11113722	0	0	0	0	0	0	0	0	0	0	0	0	0	0	0	0	0	0	0	0	0	0	0	0	0	0	0	0	0	0	0	0	0	0	232.875306	0	0	0	0	0	0	0	0	154.4906926	0	0	0	0	0	0	0	0
CHEBI:16811	C5H11NO2S	CSCCC(N)C(O)=O	InChI=1S/C5H11NO2S/c1-9-3-2-4(6)5(7)8/h4H,2-3,6H2,1H3,(H,7,8)	Methionine										MSI:1							0	0	0	0	0	0	0	0	0	0	0	0	0	0	0	0	0	0	0	0	0	1.492562515	3.172871248	0	0	0	0	0	0	0	0	0	0	0	0	0	0	0	0	0	0	0	0	0	0	0	0	0	0	0	0	0	0	0	0	0	0	0	0	0	0	0	0	0	0	0	0	0	0	0	0	0	0	0	0	0	0	0	0	0	0	0	0	0	0	0	0	0	0	0	0	0	0	0	0	0	0	0	0	0	0	0	0	0	0	0	0	0	0	0	0	0	0	3.365663078	0	0	0	0	0	0	0	0	0	0	0	0	0	0	0	0	0	0	0	0	0	0	0	0	0	0	14.56029254	38.98559071	0	0	18.14556681	0	0	0	0	0	0	0	0	0	0	0	0	0	0	0	0	0	0	0	0	0	0	0	0	0	0	0	0	0	0	0	0	0	0	0	0	0	0	0	0	0	0	0	0	0	0	0	0	0	0	0	0	0	0	0	0	0	0	0	0	0	0	0	0	0	0	0	0	0
CHEBI:17533	C7H11NO5	CC(=O)N[C@@H](CCC(O)=O)C(O)=O	InChI=1S/C7H11NO5/c1-4(9)8-5(7(12)13)2-3-6(10)11/h5H,2-3H2,1H3,(H,8,9)(H,10,11)(H,12,13)/t5-/m0/s1	N-Acetylglutamic acid										MSI:1							0	0	0	0	0	0	0	0	0	0	0	0	0	0	0	0	0	0	0	0	0	0	0	0	0	0	0	0	0	0	0	0	0	0	0	0	0	0	0	0	0	0	0	0	0	0	0	0	0	0	0	0	0	0	0	0	0	0	0	0	0	0	0	0	0	0	0	0	0	0	0	0	0	0	0	0	0	0	0	0	0	0	0	0	0	0	0	0	0	0	0	0	0	0	0	0	0	0	0	0	0	0	0	0	0	0	0	0	0	0	0	0	0	0	0	0	0	0	0	0	0	0	0	0	0	0	0	0	0	0	0	0	0	0	0	0	0	0	0	0	0	0	0	0	0	0	0	0	0	0	0	0	0	0	0	0	0	0	0	0	0	0	0	597.541181	0	0	0	0	0	0	0	0	0	0	0	0	0	0	0	0	0	0	0	0	0	0	0	0	0	0	0	0	0	0	0	0	0	0	0	0	0	0	0	0	0	0	216.1955214	0	0	0	0	0	0	0
CHEBI:28009	C8H15NO6	CC(=O)N[C@H]1[C@H](O)O[C@H](CO)[C@@H](O)[C@@H]1O	InChI=1S/C8H15NO6/c1-3(11)9-5-7(13)6(12)4(2-10)15-8(5)14/h4-8,10,12-14H,2H2,1H3,(H,9,11)/t4-,5-,6-,7-,8-/m1/s1	N-acetyl glucosamine										MSI:1							0	0	0	0	0	0	0	0	0	0	0	0	0	0	0	0	0	0	0	0	0	0	0	0	0	0	0	0	0	0	0	0	0	0	0	0	0	0	0	0	0	0	0	0	0	0	0	0	0	0	0	0	0	0	0	0	0	0	0	0	0	0	0	0	0	0	0	0	0	0	0	0	0	0	0	0	0	0	0	0	0	0	0	0	0	0	0	0	0	0	0	0	0	0	0	0	0	0	0	0	0	0	0	0	0	0	0	0	0	0	0	0	0	0	0	0	0	0	0	0	0	0	0	0	0	0	0	0	0	0	0	0	0	0	0	0	0	0	0	0	0	0	0	0	0	0	0	0	0	0	0	0	0	0	0	0	0	0	0	0	0	0	0	0	0	0	0	0	0	0	0	0	0	0	0	0	0	0	0	0	0	0	0	0	0	0	0	0	0	0	0	0	0	0	0	0	0	0	0	0	0	0	0	0	0	0	0	0	0	0	0	0	0	0
CHEBI:15846				Nicotinamide adenine dinucleotide										MSI:1							0	0	0	0	0	0	0	0	0	0	0	0	0	0	0	0	0	0	0	0	0	0	0	0	0	0	0	0	0	0	0	0	0	0	0	0	0	0	0	0	0	0	0	0	0	0	0	0	0	0	0	0	0	0	0	0	0	0	0	0	0	0	0	0	0	0	0	0	0	0	0	0	0	0	0	0	0	0	0	0	0	0	0	0	0	0	0	0	0	0	0	0	0	0	0	0	0	0	0	0	0	0	0	0	0	0	0	0	0	0	0	0	0	0	0	0	0	0	0	0	0	0	0	0	0	0	0	0	0	0	0	0	0	0	0	0	0	0	0	0	0	0	0	0	0	0	0	0	0	0	0	0	0	0	0	0	0	0	0	0	0	0	0	0	0	0	0	0	0	0	0	0	0	0	0	0	0	0	0	0	0	0	0	0	0	0	0	0	0	0	0	0	0	0	0	0	0	0	0	55.9163322	0	0	0	0	0	0	0	0	0	0	0	0	0	0
CHEBI:7916	C9H17NO5	CC(C)(CO)C(O)C(=O)NCCC(O)=O	InChI=1S/C9H17NO5/c1-9(2,5-11)7(14)8(15)10-4-3-6(12)13/h7,11,14H,3-5H2,1-2H3,(H,10,15)(H,12,13)	Pantothenic acid										MSI:1							0	0	0	0	0	0	0	0	0	0	0	0	0	0	0	0	0	0	0	0	0	0	0	0	0	0	0	0	0	0	0	0	0	0	0	0	0	0	0	0	0	0	0	0	0	0	0	0	0	0	0	0	0	0	0	0	0	0	0	0	0	0	0	0	0	0	0	0	0	0	0	0	0	0	0	0	0	0	0	0	0	0	0	0	0	0	0	0	0	0	0	0	0	0	0	0	0	0	0	0	0	0	0	0	0	0	0	0	0	0	0	0	0	0	0	0	0	0	0	0	0	0	0	0	0	0	0	0	0	0	0	0	0	0	0	0	0	0	0	0	0	0	0	0	0	0	0	0	0	0	0	0	0	0	0	0	0	0	0	0	4.443224177	7.42650188	0	0	0	0	0	1.405155025	0	0	0	0	0	3.808148766	5.551267485	0	0	0	0	3.052452123	1.494960819	0.978723257	0	0	0	0	0	0	0	1.653541901	4.061029518	1.136311667	0	4.8383053	1.283214507	0	3.987009488	0	0	18.69778541	5.540536195	0	0	6.015097369	3.060243997	12.40940399	2.659970375	0	5.688660629	1.298706925	0	0	0	0
CHEBI:28044	C9H11NO2	NC(Cc1ccccc1)C(O)=O	InChI=1S/C9H11NO2/c10-8(9(11)12)6-7-4-2-1-3-5-7/h1-5,8H,6,10H2,(H,11,12)	Phenylalanine										MSI:1							4.916827452	2.071201736	2.447999101	0.142706801	1.017228563	7.6289198	0	2.256878893	2.007676017	1.328132862	0	1.42913895	0.226686349	4.112372725	6.75012257	0.475545649	0	1.952378156	0	5.522967498	2.288308532	2.192625091	1.36745664	0.457609499	1.623516965	0	0	5.045863661	1.86986006	2.029602997	3.73878099	2.208766771	0.653275138	0.671172313	0.600016614	0	0	0	4.42015492	4.24677785	2.477036449	0.858617525	0.258962227	1.396554664	0.029648463	0	5.451177414	1.779718549	1.0918652	1.118494951	0.550292123	0	0.922023815	0.849653113	3.357467274	2.060956258	3.141677019	3.400206511	3.717844931	2.014725741	11.14057939	9.870127201	0	0	4.237327851	4.34483496	0.517776674	0	2.09657027	3.879517243	0.537252817	0.004757773	0.798812896	1.342340848	2.686885763	2.616575562	0.052114642	0.234771703	0.584044252	0.694925548	13.49336888	7.866440883	3.546298378	2.339732235	3.439149174	5.595918818	4.108156914	3.361691665	2.827968836	3.107185632	3.103823487	1.081289389	0.521192637	10.15918618	7.01090818	1.638486422	0.171021203	3.247997561	0.591186937	11.87234555	7.59033448	3.478609129	6.868235427	2.344654452	1.884418826	0.35206125	0.100984468	1.150297478	1.585402952	3.608466497	3.861713185	11.50389779	2.314011136	2.821603586	0.284707862	0	1.003147314	0.131218584	2.341189207	2.328894366	4.78298261	1.482478139	1.274213493	20.15471963	0.778856804	0	9.469721786	2.754029159	8.863612136	1.278621244	2.952303923	0.097346621	0.834347394	0.723068431	15.68111632	5.437705559	6.899717361	8.99877211	4.474400634	4.048210342	46.52131511	47.37300212	1.366044464	0.936545975	31.45544738	17.71317065	0	0	5.69818965	13.42305877	1.71259575	0.159434261	3.629475157	11.16790749	13.1996551	13.69701047	0	0.402773286	0.308771461	0	63.84328336	14.63930496	30.77173201	2.216579832	35.42996648	0	0	2.270628123	21.10358391	0	0	0	0	24.64192385	41.26886092	16.69074904	0	38.22405676	14.86279324	12.93892014	39.02722932	35.89964248	0	26.34616122	0	0	0	0	23.71838078	104.0965185	48.5689668	19.02029147	3.105507303	16.84384479	20.55199279	0	51.63909172	11.93006108	45.77196239	286.9949131	139.9073024	62.41534619	18.56274007	52.37973649	22.58615764	53.59371512	27.57972188	0	83.50467092	19.73372855	0	4.3866458	3.365236949	0
CHEBI:26271	C5H9NO2	OC(=O)C1CCCN1	InChI=1S/C5H9NO2/c7-5(8)4-2-1-3-6-4/h4,6H,1-3H2,(H,7,8)	Proline										MSI:1							8.317321423	0	0	0	0	0	1.181129341	2.918937342	0	3.868891753	0.577610276	0	0	0	0	2.096364155	0.391972569	0	0	8.318364381	0	0	0	0	3.365088111	0	0	0	0	0	0	0	0	1.188951823	0	0.285296013	0	0	15.10512727	0	0	0	0	0	0	0.449916103	0	0	0	4.411768089	0	0.879620117	3.41092196	3.410433756	3.925988861	0	0	0	0	0	0	17.66287047	0	0	0	0	0.737454408	0	0	22.14484685	2.787625911	0	1.405027782	3.687206881	3.845094705	24.72335061	0	3.937672879	1.818230249	0	19.41273469	8.11553544	10.4457064	0	0	0	0	4.874241734	0	0	1.172393077	0	0	9.530065669	25.75160111	0	0	0	0	9.449870709	0	6.824749789	0	0	0	0	0.221848102	1.229574031	0	6.022605167	0	12.90904243	0	0	0	0	0.880809239	0	0	0	0	0.705058258	0	0	0	0	15.082802	0	4.201590376	1.444817872	0	0	0	0	0	29.03092271	6.199641103	23.57560514	0	0	74.82472471	0	1.371911298	0	69.42697672	32.66447515	0	0	0	61.82759588	0	0	2.050911948	0	0	83.21922632	0	0	0	0	0	0	0	0	0	0	0	0	0	0	0	0	0	0	0	0	0	0	0	0	0	0	0	0	0	0	0	0	0	0	0	0	0	0	0	0	0	0	0	0	0	0	0	0	0	0	0	0	0	0	0	0	0	0
CHEBI:16709	C8H11NO3	Cc1ncc(CO)c(CO)c1O	InChI=1S/C8H11NO3/c1-5-8(12)7(4-11)6(3-10)2-9-5/h2,10-12H,3-4H2,1H3	Pyridoxine										MSI:1							0	0	0	0	0	0	0	0	0	0	0	0	0	0	0	0	0.226876983	0	0	0	0	0	0	0	0.873754304	0	0.265106062	1.173606757	0	0	0	0	0	0.944651877	0.687352572	0.33059004	0	0	0	0	0	0	0	0	0	0	0	0	0.919714498	0	0	0	0	1.133946202	0	0	0	0	0	0	0	0	0	0	0	0.736167327	0.978300597	0	0	0	1.030866562	0	0	0	0	0	0	0	1.328546412	0.537507964	1.176971777	0	0	0	0.515511124	0	0	0.70420386	0	0.642986866	0	0	0	0	0	0	0	0	0.744154583	0	1.293758369	0.129503213	0	0	0	0	0	0	0	0	0.592979701	0	0	0	0	0	0	0.171162514	0.60201049	0	0	0	0.814157765	0.908332795	0	0	0	0	0.854885786	0.190562699	0	0	0	0	0	0	0	0	0	0	0	0	0	0	0	0	0	0	1.43407501	0	0	0	0	0	0	0	0	0	0.699854325	0	0	0	0	0	0	0	0	0	0	0	0	0	0	0	0	0	0	0	0	0	0	0	0	0	0	0	0	0	0	0	0	0	0	0	0	0	0	0	0	0	0	0	0	0	0	0	0	0	0	0	0	0	0	0
CHEBI:17015	C17H20N4O6	Cc1cc2nc3c(nc(=O)[nH]c3=O)n(C[C@H](O)[C@H](O)[C@H](O)CO)c2cc1C	InChI=1S/C17H20N4O6/c1-7-3-9-10(4-8(7)2)21(5-11(23)14(25)12(24)6-22)15-13(18-9)16(26)20-17(27)19-15/h3-4,11-12,14,22-25H,5-6H2,1-2H3,(H,20,26,27)/t11-,12+,14-/m0/s1	Riboflavin										MSI:1							0	0	0	0	0	0	0	0	0	0	0	0	0	0	0.131394407	0	0	0	0	0	0	0.07533083	0	0	0	0	0	0	0	0	0	0	0	0	0	0	0	0	0	0	0	0	0	0	0	0.003116386	0	0.085560218	0	0	0	0	0	0	0	0	0	0	0	0	0.206432182	0.317532596	0	0	0.121415394	0.055507995	0	0	0.063999754	0	0	0	0	0	0.04941486	0	0	0	0	0	0	0	0	0	0	0	0	0	0	0	0	0	0	0.073837781	0.110932665	0	0	0	0	0	0.182906901	0.028618923	0	0	0	0	0	0	0	0	0	0	0	0	0	0	0	0	0	0	0	0	0	0	0	0	0	0	0	0	0	0	0	0	0	0	0	0	0.394986942	0	0.461584902	0.429820435	0	0	0.200480594	0	0	0	0	0.089409197	0	0	0	0	0.205982843	0	0	0	0	0	0	0	0	0	0	0	0	0	0	0	0	0	0	0	3.093304293	2.87403577	0	0	2.085438358	0	3.593812502	3.066177313	2.549958974	3.765643698	0.704293004	0	0	0	3.237486973	0	0	0	0	0	4.326239301	0	0	0	2.800899463	11.72512374	7.757770348	0	1.176889083	3.191384893	5.68623593	0	3.580286957	0	0	0	0	0	0	0
CHEBI:28865	C26H45NO7S	[H][C@@]12C[C@H](O)CC[C@]1(C)[C@@]1([H])C[C@H](O)[C@]3(C)[C@]([H])(CC[C@@]3([H])[C@]1([H])[C@H](O)C2)[C@H](C)CCC(=O)NCCS(O)(=O)=O	InChI=1S/C26H45NO7S/c1-15(4-7-23(31)27-10-11-35(32,33)34)18-5-6-19-24-20(14-22(30)26(18,19)3)25(2)9-8-17(28)12-16(25)13-21(24)29/h15-22,24,28-30H,4-14H2,1-3H3,(H,27,31)(H,32,33,34)/t15-,16+,17-,18-,19+,20+,21-,22+,24+,25+,26-/m1/s1	Taurocholic acid										MSI:1							0	0	0	0	0	0	0	0	0	0	0	0	0	0	0	0	0	0	0	0	0	0	0	0	0	0	0	0	0	0	0	0	0	0	0	0	0	0	0	0	0	0	0	0	0	0	0	0	0	0	0	0	0	0	0	0	0	0	0	0	0	0	0	0	0	0	0	0	0	0	0	0	0	0	0	0	0	0	0	0	0	0	0	0	0	0	0	0	0	0	0	0	0	0	0	0	0	0	0	0	0	0	0	0	0	0	0	0	0	0	0	0	0	0	0	0	0	0	0	0	0	0	0	0	0	0	0	0	0	0	0	0	0	0	0	0	0	0	0	0	0	0	0	0	0	0	0	0	0	0	0	0	0	0	0	0	0	0	0	0	0	0	0	0	0	0	0	0	0	0	0	0	0	0	0	0	0	0	0	0	0	0	0	0	0	0	0	0	0	0	0	0	0	0	0	0	0	0	0	0	0	0	0	0	0	0	0	0	0	0	0	0	0	0
CHEBI:18385	C12H17N4OS+	Cc1ncc(C[n+]2csc(CCO)c2C)c(N)n1	InChI=1S/C12H17N4OS/c1-8-11(3-4-17)18-7-16(8)6-10-5-14-9(2)15-12(10)13/h5,7,17H,3-4,6H2,1-2H3,(H2,13,14,15)/q+1	Thiamin										MSI:1							0	0	0	0	0	0	0	0	0	0	0	0	0	0	0	0	0	0	0	0	0	0	0	0	0	0	0	0	0	0	0	0	0	0	0	0	0	0	0	0	0	0	0	0	0	0	0	0	0	0	0	0	0	0	0	0	0	0	0	0	0	0	0	0	0	0	0	0	0	0	0	0	0	0	0	0	0	0	0	0	0	0	0	0	0	0	0	0	0	0	0	0	0	0	0	0	0	0	0	0	0	0	0	0	0	0	0	0	0	0	0	0	0	0	0	0	0	0	0	0	0	0	0	0	0	0	0	0	0	0	0	0	0	0	0	0	0	0	0	0	0	0	0	0	0	0	0	0	0	0	0	0	0	0	0	0	0	0	0	0	0	0	0	0	0	0	0	0	0	0	0	0	0	0	0	0	0	0	0	0	3988.578885	0	0	0	0	0	0	0	0	0	0	0	0	0	0	0	0	0	0	0	0	0	0	0	0	0	0	0	0	0	0	0	0	0
CHEBI:17748	C10H14N2O5	Cc1cn([C@H]2C[C@H](O)[C@@H](CO)O2)c(=O)[nH]c1=O	InChI=1S/C10H14N2O5/c1-5-3-12(10(16)11-9(5)15)8-2-6(14)7(4-13)17-8/h3,6-8,13-14H,2,4H2,1H3,(H,11,15,16)/t6-,7+,8+/m0/s1	Thymidine										MSI:1							0	0	0	0	0	0	0	0	0	0	0	0	0	0	0	0	0	0	0	0	0	0	0	0	0	0	0	0	0	0	0	0	0	0	0	0	0	0	0	0	0	0	0	0	0	0	0	0	0	0	0	0	0	0	0	0	0	0	0	0	0	0	0	0	0	0	0	0	0	0	0	0	0	0	0	0	0	0	0	0	0	0	0	0	0	0	0	0	0	0	0	0	0	0	0	0	0	0	0	0	0	0	0	0	0	0	0	0	0	0	0	0	0	0	0	0	0	0	0	0	0	0	0	0	0	0	0	0	0	0	0	0	0	0	0	0	0	0	0	0	0	0	0	0	0	0	0	0	0	0	0	0	0	0	0	0	0	0	0	0	0	0	0	0	0	0	0	0	0	0	0	0	0	0	0	0	0	0	0	0	0	0	0	0	0	0	0	0	0	0	0	0	0	0	0	0	0	0	0	0	0	0	0	0	0	0	0	0	0	0	0	0	0	0
CHEBI:27897	C11H12N2O2	NC(Cc1c[nH]c2ccccc12)C(O)=O	InChI=1S/C11H12N2O2/c12-9(11(14)15)5-7-6-13-10-4-2-1-3-8(7)10/h1-4,6,9,13H,5,12H2,(H,14,15)	Tryptophan										MSI:1							0	0	0.448333314	0.005965859	0.12269906	2.559170448	0	0	0	0.840236081	0	0.387308911	0.081660841	0.991873849	0.583470437	0.010905663	0	0.441604025	0	1.33900637	0	0.450546172	0.125517612	0.091359433	0	0	0	0	0.39993413	0.584798261	0.640116884	0	0.168722809	0	0	0	0	0	0.393755605	0.482516519	0.758697808	0.318571337	0	0.636521863	0	0	0.898848903	0.184061825	0	0.287090867	0	0	0.203425435	0	0.819576695	0.813974578	0.991724053	0	1.03147319	0.672026502	1.383724473	1.558751658	0	0	1.007343708	0	0	0.023973174	0.35392486	0.347897418	0	0	0	0.460080109	0	0.162193195	0	0	0	0	7.587197687	2.423302997	0	1.110654739	1.347181594	0.844392414	0.589467578	0	1.622917329	0	0.496673009	0.1486953	0.231541647	3.8184138	3.001888749	0.466456416	0.079387335	0.664346466	0	4.794444555	3.994602609	3.082126801	0.845934994	0.908562713	0.50911089	0.23816963	0	0	1.0762209	1.964134442	2.658371892	5.051287283	0.81094909	0	0.190514662	0	0	0	0	1.086217958	2.614897879	0	0	4.264616036	0.239165168	0.062553845	3.310610231	1.317065852	1.903063499	0.310897616	0.45713718	0.095918292	0.142885487	0	11.88286066	3.610461629	4.132276027	4.00998786	2.841455598	3.041536141	14.13620534	13.72069484	0	0.222405529	9.405786828	5.822518286	0	0	3.207421927	19.99306052	0.438224537	0.193480656	0.996446845	3.917176188	9.301000602	7.030600255	0	0.437816823	0	0	26.47286399	0	0	0	0	0	0	0	32.90555608	0	0	0	0	0	57.17388544	0	0	0	0	68.66168749	63.97070778	0	0	23.50756212	0	0	0	0	36.42087915	19.87706079	0	39.46975041	0	0	0	0	23.82888134	30.07664318	0	184.8911617	155.4972314	0	0	67.87662559	60.50451188	26.92455322	54.02042113	0	97.50750388	63.22261796	0	0	0	0
CHEBI:17568	C4H4N2O2	O=c1cc[nH]c(=O)[nH]1	InChI=1S/C4H4N2O2/c7-3-1-2-5-4(8)6-3/h1-2H,(H2,5,6,7,8)	Uracil										MSI:1							46.05581217	0	0	0	0	0	0	0	0	0	0	0	0	0	0	0	0	0	0	0	0	0	0	0	0	0	7.431477996	53.22757546	0	0	0	0	0	0	0	0	0	0	0	0	0	0	0	0	0	0	0	0	0	0	0	0	0	0	0	0	0	0	0	0	0	0	0	0	0	57.45958027	35.56493638	0	0	399.806806	0	0	0	0	0	0	0	0	0	0	43.9472098	0	0	0	0	0	0	0	0	0	0	0	0	0	55.1152863	0	0	0	0	0	0	21.71533745	0	0	0	0	0	0	0	0	87.94843267	0	0	0	0	0	0	10.50600277	0	0	0	0	26.7414526	0	0	0	87.80357356	0	0	0	0	0	0	0	0	0	0	0	0	0	0	0	0	0	0	119.4595642	0	0	0	0	0	0	0	0	149.5244939	0	0	0	0	0																																																						
CHEBI:15318	C5H4N4O2			Xanthine										MSI:1							0	0	0	0	0	0	0	0	0	0	0	0	0	0	0	0	0	0	0	0	0	1.94182136	0	0	0	0	0	0	0	0	0	0	3.980983751	0	0	0	0	0	0	0	0	0	0	0	3.14079849	0	0	0	0	0	0	0	0	0	0	0	0	0	0	0	0	0	0	0	0	0	0	3.237078663	0	0	0	0	0	0	0	0	0	1.347411074	0	0	3.438030451	0	0.527714446	0	0	0	0	0	0	0	0	0	0	0.8021955	10.62886241	0	0	0	0	0	9.565435364	0	0	0	0	0	0	0	0	0	0	0	0	0	0	0	0	0	0	0.260728995	0.470661457	0	0	0	0	0	0.247491219	1.065194088	0	0	0	0	0	0	0	0	0	0	5.716277108	4.596427982	28.82212575	29.24111935	0	0	12.8420528	7.439041616	2.863811061	0	8.889072589	9.748899365	0	0	0	3.186955728	11.43973029	3.537843464	0	0	0	0																																																						
